address,location,latitude,longitude
Lohkopellontie 1,"Oulunkylä, Helsinki",60.2243108,24.9662402
Katajanokanranta 21,"Katajanokka, Helsinki",60.168522,24.975748
Linnankuja 2,"Katajanokka, Helsinki",60.1660348,24.9701626
Timpurinkuja 1,"Leppävaara-Vermonniitty, Espoo",60.222858,24.8141512
Anna Sahlsténin katu 4,"Leppävaara-Vermonniitty, Espoo",60.2125211,24.8276346
Kyyhkysmäki 2,"Leppävaara-Vermonniitty, Espoo",60.2282551,24.8133144
Kyyhkysmäki 3,"Leppävaara-Vermonniitty, Espoo",60.2290559,24.8119111
Alberganesplanadi 2,"Leppävaara-Vermonniitty, Espoo",60.2168416,24.8125133
Metsälinnunreitti 2,"Leppävaara-Vermonniitty, Espoo",60.236934,24.8202948
Majurinkulma 2,"Leppävaara-Vermonniitty, Espoo",60.2111915,24.8245926
Juusintie 5,"Kauniainen, Kauniainen",60.2186864,24.7478352
Muusantori 5,"Tali, Helsinki",60.2069561,24.8551668
Yläkiventie 7,"Myllypuro, Helsinki",60.2223511,25.0724982
Yläkiventie 9,"Myllypuro, Helsinki",60.2219832,25.0705005
Myllymatkantie 7,"Myllypuro, Helsinki",60.224979,25.0627468
Yläkiventie 4,"Myllypuro, Helsinki",60.2223764,25.0737181
Tukkitie 18,"Heikinlaakso, Helsinki",60.2719765,25.0732958
Intiankatu 20 - 21,"Koskela-Kumpula, Helsinki",60.2091491,24.9649351
Väinö Auerin Katu 13,"Koskela-Kumpula, Helsinki",60.2052265,24.9609966
Pietari Kalmin katu 1,"Koskela-Kumpula, Helsinki",60.2057148,24.9664383
Juhana-herttuan tie 3,"Koskela-Kumpula, Helsinki",60.2175431,24.9702178
Väinö Auerin Katu 1,"Koskela-Kumpula, Helsinki",60.2091807,24.9666496
Siamintie 3,"Koskela-Kumpula, Helsinki",60.2099774,24.9717494
Atlantinkatu 5,"Jätkäsaari-Ruoholahti, Helsinki",60.1561702,24.9096609
Itämerenkatu 12,"Jätkäsaari-Ruoholahti, Helsinki",60.1633118,24.9165452
Santakuja 3,"Jätkäsaari-Ruoholahti, Helsinki",60.1623294,24.9169965
Välimerenkatu 5,"Jätkäsaari-Ruoholahti, Helsinki",60.1602438,24.9189477
Hyväntoivonkatu 6,"Jätkäsaari-Ruoholahti, Helsinki",60.1558366,24.9162989
Talonpojantie 10,"Viikki, Helsinki",60.2287262,25.0256734
Pasteurinkatu 1,"Viikki, Helsinki",60.2247198,25.0149233
Maakaari 1,"Viikki, Helsinki",60.2299091,25.0246428
Tilanhoitajankaari 6,"Viikki, Helsinki",60.2322084,25.0321045
Alempi Talonpojantie 4,"Viikki, Helsinki",60.227111,25.02231
Von Daehnin Katu 14,"Viikki, Helsinki",60.2306148,25.0436735
Maakaari 6,"Viikki, Helsinki",60.2299688,25.026148
Tilanhoitajankaari 11,"Viikki, Helsinki",60.2300137,25.028946
Talonpojantie 5,"Viikki, Helsinki",60.2295211,25.0230234
Kylmäojantie 4,"Ruskeasanta, Vantaa",60.3214091,25.0148592
Kettutie 19,"Herttoniemi, Helsinki",60.2070194,25.0400068
Pallaksentie 4,"Mellunmäki, Helsinki",60.238645,25.110219
Pohjoinen Rautatiekatu 29,"Kamppi, Helsinki",60.1688354,24.9242136
Leppäsuonkatu 7,"Kamppi, Helsinki",60.1693716,24.9236923
Leppäsuonkatu 9b,"Kamppi, Helsinki",60.1694132,24.9228427
Asiakkaankatu 6,"Itäkeskus, Helsinki",60.2085889,25.0783818
Vanha talvitie 23,"Kalasatama, Helsinki",60.192358,24.9792499
Hermannin rantatie 23,"Kalasatama, Helsinki",60.190797,24.9793424
Arielinkatu 2,"Kalasatama, Helsinki",60.1858495,24.9813627
Työpajankatu 4,"Kalasatama, Helsinki",60.1889611,24.9746698
Hopeatie 10,"Haaga, Helsinki",60.2293618,24.884968
Pronssitie 4,"Haaga, Helsinki",60.2312591,24.8836205
Kylänevantie 16,"Haaga, Helsinki",60.2130547,24.8928403
Kimpitie 10,"Hakuninmaa, Helsinki",60.2501815,24.8890993
Serkustentie 1,"Hakuninmaa, Helsinki",60.2543925,24.8982951
Pasilanraitio 6,"Pasila, Helsinki",60.1969757,24.9262207
Opastinsilta 2,"Pasila, Helsinki",60.1997115,24.9429586
Junailijankuja 5,"Pasila, Helsinki",60.1991127,24.9378582
Höyrykatu 1,"Pasila, Helsinki",60.2007628,24.9298789
Pasilanraitio 10,"Pasila, Helsinki",60.2004614,24.9252701
Hietapellontie 11,"Malmi-Pukinmäki, Helsinki",60.2587394,25.0139578
Rälssintie 16,"Malmi-Pukinmäki, Helsinki",60.2411784,24.9900226
Myrttitie 2,"Malmi-Pukinmäki, Helsinki",60.2442991,24.9960516
Pekankatu 5,"Malmi-Pukinmäki, Helsinki",60.2509585,25.013835
Brysselinkatu 3,"Arabia-Toukola, Helsinki",60.2028522,24.9721579
Rörstrandinkatu 3,"Arabia-Toukola, Helsinki",60.2058664,24.9780661
Berliininkatu 5,"Arabia-Toukola, Helsinki",60.2039858,24.9739811
Rasinkatu 20,"Koivukylä, Vantaa",60.3245416,25.0661661
Seljapolku 7,"Koivukylä, Vantaa",60.3215844,25.0551743
Rasinkatu 13,"Koivukylä, Vantaa",60.3235316,25.0659457
Rasinkatu 4,"Koivukylä, Vantaa",60.3222803,25.0644521
Tuuliniitty 1,"Niittykumpu-Tapiola, Espoo",60.1732854,24.8010002
Kalevalantie 4,"Niittykumpu-Tapiola, Espoo",60.1846087,24.809125
Riihitontuntie 9,"Niittykumpu-Tapiola, Espoo",60.1728106,24.7652812
Peltokyläntie 3,"Suutarila, Helsinki",60.2672332,24.9834135
Siltakylänkuja 1,"Suutarila, Helsinki",60.2695344,24.9842776
Maininkitie 4,"Kivenlahti, Espoo",60.1519764,24.6457484
Haukilahdenkuja 15,"Hermanni-Sörnäinen, Helsinki",60.1965526,24.9712114
Kasperinkuja 13,"Kruunuvuorenranta-Laajasalo, Helsinki",60.1706629,25.0413928
Hopeakaivoksentie 47,"Kruunuvuorenranta-Laajasalo, Helsinki",60.1707704,25.0213406
Kilonkallio 10,"Kilo, Espoo",60.2222866,24.7802947
Kilonportti 1,"Kilo, Espoo",60.2192155,24.783594
Kilonrinne 10,"Kilo, Espoo",60.220613,24.7778115
Pitäjänmäentie 13,"Pitäjänmäki, Helsinki",60.2239254,24.8621721
Silmupolku 1,"Pitäjänmäki, Helsinki",60.2177604,24.8672624
Viljo Sohkasen Katu 3,"Jokiniemi-Tikkurila, Vantaa",60.2977446,25.0511689
Vehkapolku 10,"Jokiniemi-Tikkurila, Vantaa",60.2922773,25.0401275
Satomäentie 1,"Jokiniemi-Tikkurila, Vantaa",60.2999233,25.0644263
Tähkäkuja 5,"Jokiniemi-Tikkurila, Vantaa",60.2998376,25.0635174
Akanapolku 2,"Jokiniemi-Tikkurila, Vantaa",60.2988801,25.0601739
Vaskivuorentie 22,"Myyrmäki, Vantaa",60.2632253,24.8462692
Raappavuorentie 3,"Myyrmäki, Vantaa",60.2596276,24.8439116
Helmikuja 6,"Myyrmäki, Vantaa",60.2571214,24.8582382
Iskospolku 2,"Myyrmäki, Vantaa",60.2622554,24.8513874
Hakaniemenranta 12,"Merihaka, Helsinki",60.1787737,24.958947
Haahkakuja 5,"Lauttasaari, Helsinki",60.1571881,24.8758479
Miestentie 2,"Otaniemi-Teekkarikylä, Espoo",60.1795094,24.8269236
Servin Maijan Tie 3,"Otaniemi-Teekkarikylä, Espoo",60.1894901,24.8358843
Jämeräntaival 9,"Otaniemi-Teekkarikylä, Espoo",60.1886927,24.8396916
Jämeräntaival 10,"Otaniemi-Teekkarikylä, Espoo",60.1903366,24.8388472
Servinkuja 6,"Otaniemi-Teekkarikylä, Espoo",60.1907126,24.8327776
Jämeräntaival 11,"Otaniemi-Teekkarikylä, Espoo",60.1893018,24.8397128
Servinkuja 5,"Otaniemi-Teekkarikylä, Espoo",60.191144,24.8333883
Paraistentie 18,"Ruskeasuo, Helsinki",60.2039212,24.9031522
Paraistentie 19,"Ruskeasuo, Helsinki",60.2040189,24.903804
Kurkisuontie 12,"Kontula-Kurkimäki, Helsinki",60.233029,25.0721013
Linnoituksentie 10,"Kontula-Kurkimäki, Helsinki",60.2419845,25.0725888
Kilpolantie 16,"Kontula-Kurkimäki, Helsinki",60.2400413,25.0886359
Kurkisuontie 9,"Kontula-Kurkimäki, Helsinki",60.2329756,25.0639226
Matinniitynkuja 4,"Matinkylä, Espoo",60.1591288,24.7443543
Rantaharju 10,"Matinkylä, Espoo",60.1537114,24.7564251
Peltomyyränkuja 2,"Korso, Vantaa",60.3524427,25.0811739
Kirstinharju 1,"Espoon keskus-Suvela, Espoo",60.2012845,24.6656247
Kylävainionkuja 6,"Espoon keskus-Suvela, Espoo",60.2100049,24.6725282
Vieraskuja 5,"Espoon keskus-Suvela, Espoo",60.2080137,24.6628023
Kirjanpitäjänkuja 4,"Espoon keskus-Suvela, Espoo",60.2065898,24.6678437
Siltakuja 2,"Espoon keskus-Suvela, Espoo",60.2031682,24.655736
Viljelijäntie 4-6,"Malminkartano, Helsinki",60.2430532,24.8564508
Arentikuja 1,"Malminkartano, Helsinki",60.2443854,24.8529067
Juustenintie 3,"Malminkartano, Helsinki",60.2449564,24.8687415
Karstulantie 8,"Vallila, Helsinki",60.198736,24.9515027
Klaneettitie 1,"Kannelmäki, Helsinki",60.2373728,24.8782848
Kitarakuja 1,"Kannelmäki, Helsinki",60.238123,24.877067
Kitarakuja 3,"Kannelmäki, Helsinki",60.2387476,24.8776327
Harustie 8,"Rastila, Helsinki",60.2032632,25.1207156
Retkeilijänkatu 11,"Rastila, Helsinki",60.2051302,25.1250562
Harustie 7,"Rastila, Helsinki",60.2039838,25.1200763
